Date Pub,Status,Pub Author,Orig Author,Theme,Idea,Details,News1,News2,News3,Article,Image
,Open,,Ted Lasso,quote (ted lasso),"It's a lot like riding a horse, if it's comfortable, you're doing it wrong.",,,,,,
,Open,,Ted Lasso,quote (ted lasso),That's the thing about coincidences: sometimes they just happen.,,,,,,
,Open,,Ted Lasso,quote (ted lasso),Coaching is about helping someone be the absolute best version of themselves,,,,,,
,Open,,Ted Lasso,quote (ted lasso),"Be curious, not judgemental",,,,,,
,Open,,Ted Lasso,quote (ted lasso),A good mentor hopes you'll move on...a great mentor knows you will.,,,,,,
,Open,,Ice Cave Guide,Ice Cave Guide,We *all* get stuck (in the snow) sometimes.,,,,,,
,Open,,Debra Corey,Appreciation,"Why Paychecks Aren’t Enough: Exploring how appreciation fills the gaps money can't—specific, meaningful feedback over generic paychecks.",,,,,,
,Open,,Debra Corey,Appreciation,"The Hidden Cost of Under-Appreciation: How overlooking recognition impacts employee productivity, engagement, and retention.",,,,,,
,Open,,Debra Corey,Appreciation,"The Secret ROI of Appreciation: Highlighting the business case for appreciation with statistics (e.g., 14% productivity boost).",,,,,,
,Open,,Debra Corey,Appreciation,"Managers, What’s Holding You Back? 3 common reasons bosses don't appreciate their teams, and how to overcome them.",,,,,,
,Open,,Debra Corey,Appreciation,"Too Busy to Appreciate? Why managers who say they're ""too busy"" to appreciate are actually making their jobs harder.",,,,,,
,Open,,Debra Corey,Appreciation,Recognition ≠ Promotion: Addressing misconceptions that appreciation signals promotions or raises.,,,,,,
,Open,,Debra Corey,Appreciation,Stop Generic “Attaboys”: Why generic praise can be worse than no appreciation at all.,,,,,,
,Open,,Debra Corey,Appreciation,Fairness vs. Equal Praise: Understanding the difference between fair recognition and equal recognition.,,,,,,
,Open,,Debra Corey,Appreciation,"Appreciation and the 'Piss-Off' Factor: When appreciation becomes demotivating, and how to avoid it.",,,,,,
8 Mar 2025,Posted,Ken,Debra Corey,Appreciation,AVI Explained: A simple way to deliver impactful appreciation without awkwardness.,,,,,,
,Open,,Debra Corey,Appreciation,Practice Makes Perfect: How practicing AVI can transform your workplace culture.,,,,,,
,Open,,Debra Corey,Appreciation,"AVI in Action: Real-world examples of how the AVI model builds trust, morale, and engagement.",,,,,,
,Open,,Debra Corey,Appreciation,"Recognition Isn’t Top-Down: How appreciation across all levels, including upwards to leadership, strengthens culture.",,,,,,
,Open,,Debra Corey,Appreciation,Catch Employees Doing Something Right: Shifting your leadership perspective from fault-finding to appreciating good work.,,,,,,
,Open,,Debra Corey,Appreciation,"Creating a Culture of Continuous Recognition: Why daily, spontaneous appreciation is more effective than annual awards.",,,,,,
,Open,,Debra Corey,Appreciation,How Appreciation Saves Time: Linking recognition directly to improved performance and efficiency.,,,,,,
,Open,,Debra Corey,Appreciation,"Recognition as On-the-Job Training: How appreciation can effectively double as informal, real-time training.",,,,,,
,Open,,Debra Corey,Appreciation,Does Appreciation Fuel Innovation? Unpacking why teams who feel appreciated are more likely to innovate.,,,,,,
,Open,,Debra Corey,Appreciation,"Managers, Your Role Changed: Why stepping into leadership means actively appreciating your team.",,,,,,
,Open,,Debra Corey,Appreciation,Appreciation Isn't Favoritism: How to thank your team fairly without creating friction or resentment.,,,,,,
,Open,,Debra Corey,Appreciation,Being Seen Matters: Why recognizing effort motivates employees more than financial rewards alone.,,,,,,
,Open,,Debra Corey,Appreciation,Zero-Budget Appreciation: Effective ways to recognize employees without spending a dime.,,,,,,
,Open,,Debra Corey,Appreciation,"HR, Stop Complicating Recognition: Why complex recognition programs often fail, and how simplicity wins.",,,,,,
,Open,,Debra Corey,Appreciation,The Power of Specificity in Appreciation: The critical difference between genuine recognition and meaningless praise.,,,,,,
,Open,,Debra Corey,Appreciation,"When HR Gets Recognition Wrong: Common pitfalls in corporate recognition programs, and how to avoid them.",,,,,,
,Open,,Debra Corey,Appreciation,Beware the Generic 'Thank You': Why specificity matters in appreciation.,,,,,,
,Open,,Debra Corey,Appreciation,"Make Recognition Equitable, Not Equal: Addressing fairness in recognition programs.",,,,,,
,Open,,Debra Corey,Appreciation,Why Your Recognition Efforts Aren't Working: Understanding the nuances of appreciation beyond formal awards.,,,,,,
,Open,,Debra Corey,Appreciation,"Recognition from the Bottom-Up: How anyone, at any level, can meaningfully appreciate leaders (yes, even the CEO).",,,,,,
,Open,,Debra Corey,Appreciation,Don't Overcomplicate Recognition: How to simplify appreciation processes for managers.,,,,,,
,Open,,Debra Corey,Appreciation,"Real Stories, Real Results: Sharing innovative ways companies around the world show appreciation without big budgets.",,,,,,
,Open,,Debra Corey,Appreciation,Lessons from Bad Recognition: Turning negative recognition experiences into opportunities for improvement.,,,,,,
,Open,,Debra Corey,Appreciation,"Employee Recognition Success Stories: Practical examples of teams transformed through simple, genuine appreciation practices.",,,,,,
,Open,,Debra Corey,Appreciation,"Just Do It: Why ""just doing it"" matters most in building appreciation into your management style.",,,,,,
,Open,,Debra Corey,Appreciation,What’s Your Appreciation Style? Encouraging self-reflection on personal barriers to giving recognition.,,,,,,
,Open,,Debra Corey,Appreciation,Take the Appreciation Challenge: Encouraging managers to intentionally appreciate one employee daily for a month and document the impact.,,,,,,
,Open,,Jo Wright,Coaching-Jo Wright,"How coaching conversations transform leadership by shifting from command-and-control to curiosity-driven discussions, unlocking innovation and trust.",,,,,,
,Open,,Jo Wright,Coaching-Jo Wright,"Why ""No More Shit Managers"" isn't just a provocative book title, but a call to action for leaders to genuinely connect and coach their teams.",,,,,,
,Open,,Jo Wright,Coaching-Jo Wright,The surprising impact of daily micro-coaching moments in building a high-performing culture.,,,,,,
,Open,,Jo Wright,Coaching-Jo Wright,Why leaders often resist coaching—and three proven ways to overcome that hesitation by reframing it as a key leadership skill.,,,,,,
,Open,,Jo Wright,Coaching-Jo Wright,"Common coaching myths: Why coaching isn't reserved for executives, external experts, or problem cases—but for every employee interaction.",,,,,,
,Open,,Jo Wright,Coaching-Jo Wright,"Every manager needs coaching skills—just like basic cooking skills, everyone can benefit, even if they’re not a professional ""chef.""",,,,,,
,Open,,Jo Wright,Coaching-Jo Wright,The delicate balance of support and challenge: how great coaching conversations lead teams to higher accountability and performance.,,,,,,
,Open,,Jo Wright,Coaching-Jo Wright,"Why top-performing companies treat coaching skills as essential, not optional—and the competitive advantage it gives them.",,,,,,
,Open,,Jo Wright,Coaching-Jo Wright,The hidden costs organizations pay when managers fail to engage in meaningful conversations.,,,,,,
,Open,,Jo Wright,Coaching-Jo Wright,Coaching isn’t just for external experts—why internal coaching skills are your strongest competitive advantage.,,,,,,
,Open,,Jo Wright,Coaching-Jo Wright,Changing the narrative: how coaching as everyday communication reshapes the employee experience and boosts engagement.,,,,,,
,Open,,Jo Wright,Coaching-Jo Wright,Why integrating coaching into everyday conversations can reshape company culture more effectively than any formal training session.,,,,,,
,Open,,Jo Wright,Coaching-Jo Wright,Why organizations that see coaching as fundamental communication outperform those who reserve it for special occasions.,,,,,,
,Open,,Jo Wright,Coaching-Jo Wright,"How the myths around coaching—that it’s soft, slow, or expensive—are hurting your organization's performance.",,,,,,
20250310,Posted,Ken,Jo Wright,Coaching-Jo Wright,Making coaching accessible: why it shouldn't be limited to senior leaders and external professionals.,,,,,,
,Open,,Jo Wright,Coaching-Jo Wright,How conversations that build trust also build retention—why coaching is key to employee loyalty.,,,,,,
,Open,,Jo Wright,Coaching-Jo Wright,The overlooked role of curiosity in leadership: why asking questions beats giving orders every time.,,,,,,
,Open,,Jo Wright,Coaching-Jo Wright,Why feedback and coaching must be intertwined—and how managers can improve both simultaneously.,,,,,,
,Open,,Jo Wright,Coaching-Jo Wright,How everyday coaching conversations are the real driver behind workplace innovation and creativity.,,,,,,
,Open,,Jo Wright,Coaching-Jo Wright,Why self-awareness is the foundational skill every manager must master to coach effectively.,,,,,,
,Open,,Jo Wright,Coaching-Jo Wright,Why some organizations are regressing on coaching—and what you can do to reverse that trend.,,,,,,
,Open,,Jo Wright,Coaching-Jo Wright,Moving beyond mandatory workshops: embedding coaching into your organizational DNA.,,,,,,
,Open,,Jo Wright,Coaching-Jo Wright,"Why effective feedback and coaching can't exist without one another, and how to build both skills simultaneously.",,,,,,
,Open,,Jo Wright,Coaching-Jo Wright,How coaching conversations directly influence a company's innovation capabilities.,,,,,,
,Open,,Jo Wright,Coaching-Jo Wright,Why coaching should be part of your DEI strategy to ensure inclusivity and psychological safety.,,,,,,
,Open,,Jo Wright,Coaching-Jo Wright,Raising leadership self-awareness as the crucial first step to becoming an effective coach.,,,,,,
,Open,,Jo Wright,Coaching-Jo Wright,Creating a genuine coaching culture by empowering all employees—not just managers—to ask better questions.,,,,,,
,Open,,Jo Wright,Coaching-Jo Wright,"How making coaching skills mandatory can positively transform organizational culture, despite initial resistance.",,,,,,
,Open,,Jo Wright,Coaching-Jo Wright,Building a culture of curiosity: how to teach your managers to ask better questions.,,,,,,
,Open,,Jo Wright,Coaching-Jo Wright,Why personal self-awareness is critical for leaders who want to adopt a coaching approach effectively.,,,,,,
,Open,,Kelly Swingler,Rebellion,Burn Your Handbook Day,Challenge HR to literally or metaphorically toss out the dusty rulebook and ask: What rules actually make sense for our people today?,,,,,
,Open,,Kelly Swingler,Rebellion,Performance Appraisals are Dead,"Scrap annual reviews and ask: Who’s brave enough to measure people on trust, not tick-boxes?",,,,,
,Open,,Kelly Swingler,Rebellion,“Monday-to-Friday Dying” Must Die,Rebel against “just surviving the workweek.” Share your favorite way to disrupt workplace monotony.,,,,,
,Open,,Kelly Swingler,Rebellion,The Real Badge of Honor: Leaving on Time,Challenge the toxic badge of working late—celebrate those who set healthy boundaries.,,,,,
,Open,,Kelly Swingler,Rebellion,HR Should Say No More Often,"If you work in HR, what’s the most important thing you said “no” to, for the sake of your people?",,,,,
,Open,,Kelly Swingler,Rebellion,Hand Back Your “Addiction to Work”,Admit that workaholism is a socially-accepted addiction—what if we treated it with the same seriousness as any other addiction?,,,,,
,Open,,Kelly Swingler,Rebellion,Stop Rewarding “Always On”,"Why do we praise people for checking emails at midnight? Let’s reward results, not sacrificial behavior.",,,,,
,Open,,Kelly Swingler,Rebellion,Toxic Bosses are “Voldemort”—Name Them,Break the silence: Speak about bad bosses openly instead of treating them as “He Who Must Not Be Named.”,,,,,
,Open,,Kelly Swingler,Wellbeing,"Burnout is a Leadership Failure, Not an Employee Weakness","Stop blaming employees for burning out—blame the system, the structure, and the leadership.",,,,,
,Open,,Kelly Swingler,Wellbeing,EAP is Not a Cure,Calling out HR—EAP (Employee Assistance Program) is not a substitute for real support. What’s your company’s REAL safety net?,,,,,
,Open,,Kelly Swingler,Wellbeing,Free Fruit Doesn’t Fix Burnout,Satirize the futility of “wellbeing” perks that don’t address the real problems.,,,,,
,Open,,Kelly Swingler,Wellbeing,One Week Off Won’t Fix You,Take a stand: Burnout can’t be “fixed” by holiday. It requires systemic change.,,,,,
,Open,,Kelly Swingler,Wellbeing,Your Body Knows Before You Do,Encourage people to trust their physical signals—burnout shows up in your body first.,,,,,
,Open,,Kelly Swingler,Ownership,“Know Your Normal”—A Leadership Superpower,Make it a badge of honor to know your own stress baseline—and spot it in your team.,,,,,
,Open,,Kelly Swingler,Ownership,Boundaries: The Ultimate Rebellion,Bravely share one boundary you’ve set at work that made everything better (or worse).,,,,,
,Open,,Kelly Swingler,Ownership,"If You Can’t Speak Up, Get Out","Controversial but true—if your workplace isn’t safe enough for honesty, why stay?",,,,,
,Open,,Kelly Swingler,Ownership,Burnout is a Choice—Until It Isn’t,"When you won’t set boundaries, your body will eventually force you to.",,,,,
,Open,,Kelly Swingler,HR Innovation,HR is a Rebel Profession,“Good” HR isn’t the rule-follower—it’s the troublemaker. Celebrate rebel HR stories.,,,,,
,Open,,Kelly Swingler,HR Innovation,Burnout “Equations”—What’s Yours?,Share Kelly’s “Toxicity minus sense of self equals burnout”—ask others to invent their own equations.,,,,,
,Open,,Kelly Swingler,HR Innovation,No More One-Size-Fits-All,How can we build people systems as unique as our people? Challenge default processes.,,,,,
,Open,,Kelly Swingler,HR Innovation,Is Your Company Creating Moral Injury?,Ask leaders: Are you forcing people to betray their values to keep their jobs?,,,,,
,Open,,Kelly Swingler,HR Innovation,"Reward Rest, Not Heroics","Try rewarding rest, reflection, and boundaries as much as output and “hustle.”",,,,,
,Open,,Kelly Swingler,Accountability,Leaders are Burnt Out Too—And That’s the Problem,Challenge leaders: Are you so burnt out you can’t spot burnout in your team?,,,,,
,Open,,Kelly Swingler,Accountability,Don’t Be the 4th Burned Out HRD,What would you do if you found out you were the 4th person to burn out in your job?,,,,,
,Open,,Kelly Swingler,Accountability,Stop Designing Burnout Into Rewards,Call out performance programs that drive overwork and stress—how do we fix this?,,,,,
,Open,,Kelly Swingler,Accountability,Are You a “Burnout Spreader?”,Challenge leaders to consider: Is your stress contagious? Are you normalizing burnout?,,,,,
,Open,,Kelly Swingler,Accountability,Can You Survive a Toxic Workplace?,"Share strategies for surviving when you can’t just quit, but be real about the costs.",,,,,
,Open,,Kelly Swingler,Courage,“Speak Up or Burn Out”,Urge people to find the courage to say what’s not working—before their body makes the decision for them.,,,,,
,Open,,Kelly Swingler,Courage,Protect High Performers From Themselves,Share how organizations push their best people into burnout—and how to save them.,,,,,
,Open,,Kelly Swingler,Courage,Redefine Success: It’s Not Burnout,"Controversially suggest that true success is leaving work with energy, not exhaustion.",,,,,
,Open,,Kelly Swingler,Self-Discovery,Who Were You Before the World Told You Who To Be?,Prompt people to reflect on who they really are—and how this fights burnout.,,,,,
,Open,,Kelly Swingler,Self-Discovery,Sense of Self as Burnout Vaccine,Challenge people to invest as much in knowing themselves as they do in “upskilling.”,,,,,
,Open,,Kelly Swingler,Taboo Truths,The “Harry Potter” Effect: Why We Banish Burnout Victims,Call out the practice of quietly erasing people who burn out (“Voldemort-ing” ex-colleagues) and demand transparency.,,,,,
,Open,,Kelly Swingler,Taboo Truths,Why “Comp Agreements” = Organizational Red Flags,Encourage people to question any company that hushes exits and refuses to discuss what happened.,,,,,
,Open,,Kelly Swingler,Taboo Truths,Your HR Director Keeps Quitting? It’s Not a Coincidence,"Ask followers: How many HRDs burned out before you? If it’s more than one, you’ve got a pattern, not a problem.",,,,,
,Open,,Kelly Swingler,Taboo Truths,Burnout Is Not a “Perk Deficiency”,"Challenge companies that offer yoga, fruit, and meditation while ignoring structural causes of burnout.",,,,,
,Open,,Kelly Swingler,Taboo Truths,Chronic Stress is the New Norm—And That’s Not Normal,"Normalize talking about chronic stress as an epidemic, not a sign of strength.",,,,,
,Open,,Kelly Swingler,Taboo Truths,Why the “Strongest” Are the Most At Risk,"Explore why perfectionists, people pleasers, and high achievers burn out first.",,,,,
,Open,,Kelly Swingler,Taboo Truths,The Addicted-to-Work Epidemic,Treat overwork like other addictions—start with an honest “addiction inventory.”,,,,,
,Open,,Kelly Swingler,Collective Action,Unionizing for Wellbeing? Why Not,"What if employees organized not just for pay, but for actual protection from burnout?",,,,,
,Open,,Kelly Swingler,Collective Action,“Time to Talk Day” is Every Day,"Make radical listening part of daily culture, not a corporate holiday.",,,,,
,Open,,Kelly Swingler,Collective Action,Start a Burnout Busters Club at Work,Invite others to create a safe space for peer-led burnout prevention—and crowdsource real solutions.,,,,,
,Open,,Kelly Swingler,Collective Action,Leader “Burnout Pacts”—Publicly Set Boundaries,Leaders should pledge their boundaries publicly and invite teams to hold them accountable.,,,,,
,Open,,Lee Woollsey,L&D and Leadership,If it’s not broke… BREAK IT!,The Walt Disney mindset HR should steal to reimagine outdated practices.,,,,,
,Open,,Lee Woollsey,L&D and Leadership,Stop training your people… if you want them to stay broken.,The real cost of underdeveloped employees isn’t that they leave — it’s that they stay.,,,,,
,Open,,Lee Woollsey,L&D and Leadership,Command-and-control leadership is dead. So why do your documents still scream 1983?,Rebuild your leadership toolkit from the ground up — starting with your templates.,,,,,
,Open,,Lee Woollsey,L&D and Leadership,You don’t have time to lead? Then you’re not a leader.,Busy managers aren’t too busy — they’re avoiding the work that matters most.,,,,,
,Open,,Lee Woollsey,L&D and Leadership,Kill the annual appraisal before it kills your culture.,Why once-a-year reviews are silently sabotaging performance.,,,,,
,Open,,Lee Woollsey,L&D and Leadership,Soft skills? Try HARD skills. You ever taught someone trust?,Stop pretending emotional intelligence is fluffy. It’s your leadership power tool.,,,,,
,Open,,Lee Woollsey,L&D and Leadership,Train people and they might leave. Don’t train them and pray they do.,A brutal truth leaders need to hear — now more than ever.,,,,,
,Open,,Lee Woollsey,L&D and Leadership,Trust isn’t a vibe. It’s a business model.,Everything speeds up when your team believes you’ve got their back.,,,,,
,Open,,Lee Woollsey,L&D and Leadership,"Millennials ‘learned’ tech. Gen Z was born with it. Leaders, catch up.",You can’t lead the digital generation with an analog brain.,,,,,
,Open,,Lee Woollsey,L&D and Leadership,The three magic words every one-on-one should ask: ‘What aren’t you getting from me?’,The question that flips feedback on its head — and builds real trust.,,,,,
,Open,,Lee Woollsey,L&D and Leadership,L&D: The first to go when budgets tighten. The last thing you should cut.,Cutting development in a downturn is like saving money by not fixing the brakes.,,,,,
,Open,,Lee Woollsey,L&D and Leadership,Leadership programs don’t fail. You just tried to make everyone the same.,One-size-fits-all leadership is a myth — and a costly one.,,,,,
,Open,,Lee Woollsey,L&D and Leadership,Stop telling your people what to do. Start selling them on why.,Persuasion is the modern leader’s superpower.,,,,,
,Open,,Lee Woollsey,L&D and Leadership,HR metrics aren’t nice to have. They’re your seat at the boardroom table.,Speak in numbers or risk being ignored.,,,,,
,Open,,Lee Woollsey,L&D and Leadership,Your career pathway is a prison. Make it a playground.,"Want creativity? Build cross-functional adventures, not ladders.",,,,,
,Open,,Lee Woollsey,L&D and Leadership,Every leadership book should earn its place with three gems. No more. No less.,How to curate the bookshelf your team actually uses.,,,,,
,Open,,Lee Woollsey,L&D and Leadership,"Performance reviews: If it’s a surprise, you already failed.",Feedback delayed is feedback denied.,,,,,
,Open,,Lee Woollsey,L&D and Leadership,Six months to tell me I suck? Try six minutes.,"Appraisals should be real-time, not retroactive.",,,,,
,Open,,Lee Woollsey,L&D and Leadership,The most rebellious HR move? Giving up control.,What happens when you stop gatekeeping recognition.,,,,,
,Open,,Lee Woollsey,L&D and Leadership,Don’t wait for L&D to fix your leaders. Be the leader they wish they had.,Development is everyone’s job — not just HR’s.,,,,,
,Open,,Lee Woollsey,L&D and Leadership,Promoting people for technical skill is corporate sabotage.,Quit rewarding the best coder with a job they’ll hate.,,,,,
,Open,,Lee Woollsey,L&D and Leadership,Wanna speed up your team? Build trust. Nothing else comes close.,Low trust is your hidden productivity tax.,,,,,
,Open,,Lee Woollsey,L&D and Leadership,Stop hoarding leadership wisdom. Share the damn book.,Build a learning culture one dog-eared page at a time.,,,,,
,Open,,Lee Woollsey,L&D and Leadership,"Leaders, your ego is killing your L&D strategy.","If it’s all about what you like to teach, it’s not leadership — it’s therapy.",,,,,
,Open,,Lee Woollsey,L&D and Leadership,Culture isn’t the ping pong table. It’s whether I can say ‘this process is dumb’ and still get promoted.,Psychological safety is the new employee benefit.,,,,,
,Open,,Lee Woollsey,L&D and Leadership,Want innovation? Celebrate failure.,No mistakes = no learning = no progress.,,,,,
,Open,,Lee Woollsey,L&D and Leadership,Let your team break stuff - on purpose.,Controlled chaos can spark creativity.,,,,,
,Open,,Lee Woollsey,L&D and Leadership,"Your leadership training is too slow, too rigid, too…you.","Make it Accessible, Asynchronous, and Adaptive — or irrelevant.",,,,,
,Open,,Lee Woollsey,L&D and Leadership,Every team problem starts and ends with one word: Trust.,"When trust is high, everything else is easier.",,,,,
,Open,,Lee Woollsey,L&D and Leadership,Don’t build a training program. Build a movement.,Transform learning from a task list to a cause worth showing up for.,,,,,
,Open,,Ruth Wooderson,Realness,Screw the 10-year plan. Careers aren't ladders – they're spaghetti.,"Challenge the myth of linear career paths and embrace non-linear, squiggly growth.",,,,,
,Open,,Ruth Wooderson,Realness,Stop telling 21-year-olds to find their ‘passion.’ Tell them to get messy instead.,"Urge young professionals to explore, fail, and discover instead of forcing early clarity.",,,,,
,Open,,Ruth Wooderson,Realness,There are two female leadership masks: the ice queen or the giggle box. I refuse to wear either.,Highlight the limiting stereotypes placed on women in leadership and the need to break them.,,,,,
,Open,,Ruth Wooderson,Realness,The future isn’t hybrid – it’s human.,Focus on connection and intentional collaboration rather than rigid location mandates.,,,,,
,Open,,Ruth Wooderson,Realness,Leaders get lonely. Especially the good ones.,Expose the emotional reality of leadership and the importance of support systems.,,,,,
,Open,,Ruth Wooderson,Realness,"Don't trust a leader who never says, 'I don’t know.'",Promote vulnerability and honest uncertainty as strengths in leadership.,,,,,
,Open,,Ruth Wooderson,Realness,Authenticity is not soft. It's a weapon.,Reframe realness in leadership as a powerful and rebellious act.,,,,,
,Open,,Ruth Wooderson,Realness,Hiring for culture fit is just a polite way to say ‘no weirdos.’,Critique 'culture fit' for stifling diversity and promoting sameness.,,,,,
,Open,,Ruth Wooderson,Realness,Don’t design policies for your worst people.,Advocate against building rules based on the few who break them.,,,,,
,Open,,Ruth Wooderson,Realness,Glass ceilings still exist. Now they’re just frosted.,Call out how gender barriers still exist subtly even in progressive companies.,,,,,
,Open,,Ruth Wooderson,Realness,You don’t need a mentor. You need a mirror.,Encourage self-reflection and self-trust over external validation.,,,,,
,Open,,Ruth Wooderson,Realness,"If you’re not willing to lose popularity, don’t call yourself a leader.",Define leadership by the courage to uphold hard truths and standards.,,,,,
,Open,,Ruth Wooderson,Realness,We said 'return to office' – but forgot to say 'why'.,Critique RTO mandates that lack meaningful purpose or clarity.,,,,,
,Open,,Ruth Wooderson,Realness,Stop looking up. Start looking around.,Challenge the obsession with promotion over depth and purpose.,,,,,
,Open,,Ruth Wooderson,Realness,Your best leadership playbook? The one you write yourself.,Ditch formulaic leadership and encourage personal authenticity.,,,,,
,Open,,Ruth Wooderson,Realness,Gen Z isn't impatient. They're just allergic to nonsense.,"Defend younger employees’ urgency as a strength, not a flaw.",,,,,
,Open,,Ruth Wooderson,Realness,Your team can smell inauthenticity. And it stinks.,Call out performative leadership and demand sincerity.,,,,,
,Open,,Ruth Wooderson,Realness,You want psychological safety? Start with emotional honesty.,Build safe teams through leaders sharing their own vulnerability.,,,,,
,Open,,Ruth Wooderson,Realness,Diversity programs are failing because they’re just theater.,Expose performative DEI efforts and call for real inclusion.,,,,,
,Open,,Ruth Wooderson,Realness,Leadership isn’t earned by title. It’s earned by trust.,Focus on credibility through actions and relationships.,,,,,
,Open,,Ruth Wooderson,Realness,The best career advice I ever got: Deflate some balloons.,Teach leaders and teams to prioritize by letting some things go.,,,,,
,Open,,Ruth Wooderson,Realness,Agile is a mindset. Not a meeting.,Criticize surface-level agility and promote real behavioral change.,,,,,
,Open,,Ruth Wooderson,Realness,Why does being people-first still feel like rebellion?,Reveal how human-centered leadership is still considered radical.,,,,,
,Open,,Ruth Wooderson,Realness,Dear leaders: You are not your PowerPoint deck.,"Remind leaders to show up as people, not as presentations.",,,,,
,Open,,Ruth Wooderson,Realness,Stop asking when the chaos will end. Learn to lead through it.,Reframe uncertainty as the default and resilience as the skill.,,,,,
,Open,,Ruth Wooderson,Realness,Culture isn’t ping-pong tables. It’s how you act when someone cries at work.,Define real culture by how we treat people in hard moments.,,,,,
,Open,,Ruth Wooderson,Realness,You don’t have a ‘high performer problem.’ You have a ‘trust deficit.’,Call out micromanagement as a symptom of leadership insecurity.,,,,,
,Open,,Ruth Wooderson,Realness,Ruth sends weekly 'love letters' to her team. Why don’t you?,"Promote emotional, heartfelt communication as a leadership norm.",,,,,
,Open,,Ruth Wooderson,Realness,The myth of meritocracy is alive and well – especially in tech.,"Reveal how bias still shapes who rises, despite performance.",,,,,
,Open,,Ruth Wooderson,Realness,Leadership isn't about being liked. It's about being real.,Shift the goal from popularity to principled presence.,,,,,
,Open,,Kul Mahay,Humanity,Ditch ‘Best Practice’—Start With Trust Instead,"Question the blind copying of ‘best practices.’ Make trust your baseline, not process.",,,,,
,Open,,Kul Mahay,Humanity,Kill the Hierarchy: Let Teams Write the Business Plan,Show why top-down strategy fails—real innovation starts at the grassroots.,,,,,
,Open,,Kul Mahay,Humanity,Alpha Males are Extinct—Try Vulnerability Instead,Challenge toxic alpha culture; argue vulnerability is the new leadership superpower.,,,,,
,Open,,Kul Mahay,Humanity,"Foundational Skills, Not ‘Soft’ Skills: The Rebrand We Need",Attack the phrase ‘soft skills’—push to call them foundational or core.,,,,,
,Open,,Kul Mahay,Humanity,Stop Box-Ticking: Real Change Isn’t Measured by Awards,Expose the futility of chasing badges and awards without culture change.,,,,,
,Open,,Kul Mahay,Humanity,Your ‘Diversity Program’ is Useless If You Demand Conformity,Say what others won’t: representation means nothing if everyone must fit the same mold.,,,,,
,Open,,Kul Mahay,Humanity,Engagement Theater: Are Your Values Just Wall Art?,Mock corporate values that nobody actually lives. Call for real involvement in value-setting.,,,,,
,Open,,Kul Mahay,Humanity,Team Buy-In Isn’t Fluffy—It’s Hardcore Business Sense,"Make the case that buy-in is the key to performance, not just ‘niceness’.",,,,,
,Open,,Kul Mahay,Humanity,Only Amateurs Think Leadership is About Having the Answers,"Argue that the real pro gets their answers from their people, not their ego.",,,,,
,Open,,Kul Mahay,Humanity,Innovation Dies When Only One Brain Decides,Push for collective problem-solving over lone-wolf leadership.,,,,,
,Open,,Kul Mahay,Humanity,Is Your Leadership Mask Killing Innovation?,Confront the myth that strong leaders must never show weakness.,,,,,
,Open,,Kul Mahay,Humanity,DEI: When Language Divides More Than It Unites,Call out DEI efforts that focus on terminology rather than true inclusion.,,,,,
,Open,,Kul Mahay,Humanity,Stop Overcomplicating: Leadership Isn’t Rocket Science,"Rebel against academic jargon—leadership is about human basics, not theory.",,,,,
,Open,,Kul Mahay,Humanity,Command and Control Has Its Place—But Only in Emergencies,Encourage leaders to switch styles contextually—not be a ‘one note’ boss.,,,,,
,Open,,Kul Mahay,Humanity,"If Your People Aren’t Involved, Your Plan Will Fail","Use real stories to show that engagement = success, every time.",,,,,
,Open,,Kul Mahay,Humanity,The ‘Cut & Slash’ Budget Is Corporate Self-Harm,Criticize blind budget cuts—real savings come from crowd-sourced ideas.,,,,,
,Open,,Kul Mahay,Humanity,Ban the Phrase ‘Soft Skills’ from Your Company,Start a movement to eliminate this misleading label from all HR docs.,,,,,
,Open,,Kul Mahay,Humanity,Belonging: The Only Real Diversity Metric,"Challenge companies to measure belonging, not just demographics.",,,,,
,Open,,Kul Mahay,Humanity,"Stop Faking It—Leadership Is Service, Not Theater",Expose the difference between leading for show and actually serving your people.,,,,,
,Open,,Kul Mahay,Humanity,Academics Are Killing Common Sense at Work,Get people riled up about leadership research overshadowing real-world wisdom.,,,,,
,Open,,Kul Mahay,Humanity,Cut the Crap: Why You Should Crowdsource Cost Savings,Provoke finance and ops teams to ask staff before making budget cuts.,,,,,
,Open,,Kul Mahay,Humanity,Leadership Titles Are Meaningless Without Influence,"Argue that the real test of leadership is who you inspire, not your title.",,,,,
,Open,,Kul Mahay,Humanity,Tough Conversations? Yes. ‘Gripping’ People? No.,Distinguish between holding people accountable and old-school intimidation.,,,,,
,Open,,Kul Mahay,Humanity,Don’t Let Your Ego Write Your Org’s Future,Tell the story of how ego-driven plans fail—invite others to share examples.,,,,,
,Open,,Kul Mahay,Humanity,"‘Alpha’ and ‘Beta’ are for Wolves, Not Workplaces",Lampoon the myth of alpha/beta leaders—advocate emotional intelligence.,,,,,
,Open,,Kul Mahay,Humanity,"Why Your Change Programs Are Stuck: No Trust, No Buy-in","Blame lack of trust for failed transformations, not employee ‘resistance’.",,,,,
,Open,,Kul Mahay,Humanity,Hard Truth: Happy People Outperform ‘Tough’ Cultures,Share evidence that well-being beats fear-based productivity.,,,,,
,Open,,Kul Mahay,Humanity,Celebrate the Quiet Ones: True Resilience Isn’t Loud,Highlight that the real backbone of teams is often unseen and unheard.,,,,,
,Open,,Kul Mahay,Humanity,The Ultimate KPI: “Do My People Trust Me?”,Suggest trust as the only meaningful leader performance metric.,,,,,
,Open,,Kul Mahay,Humanity,"Fire Your Coffee Machines, Hire More Empathy",Use the coffee machine story as a metaphor for replacing perks with real care.,,,,,
,Open,,John Blakey,Purpose,"""Are you feeding the right wolf? Every leader has a force for good and bad inside.""","Challenge leaders to confront their darker impulses, not just celebrate their intentions.",,,,,
,Open,,John Blakey,Purpose,"""If you’re not actively feeding your purpose, you’re probably feeding someone else’s.""",Urge people to take control of their values or risk becoming tools of others’ agendas.,,,,,
,Open,,John Blakey,Purpose,"""Purpose isn’t fluffy – it’s the hardest discipline you’ll ever build.""","Reframe purpose as a practice of grit, not a feel-good slogan.",,,,,
,Open,,John Blakey,Purpose,"""Your team can spot a ‘purpose imposter’ a mile away.""",Warn leaders: pretending to care about purpose does more harm than indifference.,,,,,
,Open,,John Blakey,Purpose,"""Profit vs. Purpose? Why not both – and why most leaders fail to achieve either.""",Challenge the false dichotomy and question why most settle for mediocrity on both fronts.,,,,,
,Open,,John Blakey,Purpose,"""Zealot, Martyr, Pied Piper – which dysfunctional leadership style are you today?""",Spark self-reflection and team conversation about personal and team risk profiles.,,,,,
,Open,,John Blakey,Purpose,"""Stop aiming for success – aim for significance.""",Encourage people to shift from status-chasing to impact-making.,,,,,
,Open,,John Blakey,Purpose,"""Don’t be the hospital CEO selling 3-year visions to people who just need hope for today.""",Call out leaders who push long-term dreams when their teams are in survival mode.,,,,,
,Open,,John Blakey,Purpose,"""No one cares about your vision if you don’t help them survive Monday first.""",Satirize grand visioning in crisis times; demand empathy and reality-checking.,,,,,
,Open,,John Blakey,Purpose,"""Purpose-driven isn’t just for ‘do-gooders.’ It’s a survival skill in a volatile world.""",Bust the myth that purpose is only for idealists.,,,,,
,Open,,John Blakey,Purpose,"""You don’t need a mountain – just 10 minutes a week to become a purpose-driven leader.""",Demystify the effort required; make purpose accessible and achievable for skeptics.,,,,,
,Open,,John Blakey,Purpose,"""The daily beast is real – and it eats your purpose for breakfast.""",Use humor to name the struggle of urgent tasks vs. important work.,,,,,
,Open,,John Blakey,Purpose,"""When was the last time you mapped your calendar to your values? Be honest.""",Call out leaders who never align schedules and values.,,,,,
,Open,,John Blakey,Purpose,"""Do you dare let your team label you a Zealot, Martyr, or Pied Piper?""",Challenge leaders to solicit brutally honest feedback from their teams.,,,,,
,Open,,John Blakey,Purpose,"""Stop hiring for skills, start hiring for shared purpose.""",Provoke a debate about hiring priorities and the real drivers of performance.,,,,,
,Open,,John Blakey,Purpose,"""The biggest trap for leaders? Believing purpose is a one-off event, not a daily habit.""",Tackle the fallacy of ‘purpose workshops’ versus real change.,,,,,
,Open,,John Blakey,Purpose,"""Diversity in values: your secret weapon or your team’s undoing?""",Ask if leaders are leveraging—or terrified by—diverse values on their teams.,,,,,
,Open,,John Blakey,Purpose,"""Don’t ‘hope’ for purpose-driven teams – engineer them.""","Suggest actionable, rebellious discipline over passive optimism.",,,,,
,Open,,John Blakey,Purpose,"""The real reason most leaders fail: They fear being seen as ‘too soft’.""",Expose the macho culture that stigmatizes purpose and empathy.,,,,,
,Open,,John Blakey,Purpose,"""The 10-min Sunday ritual that will change your leadership (if you dare commit).""",Share a controversial micro-habit for busy cynics.,,,,,
,Open,,John Blakey,Purpose,"""Which wins in your boardroom: the force for good or the force for bad?""",Prompt reflection on the prevailing culture at the top.,,,,,
,Open,,John Blakey,Purpose,"""If you aren’t making space for purpose, you’re making space for burnout.""",Warn about the mental and physical toll of ignoring purpose.,,,,,
,Open,,John Blakey,Purpose,"""Why leaders who ignore values become the ‘bad bosses’ everyone dreads.""",Connect lack of purpose to toxic cultures.,,,,,
,Open,,John Blakey,Purpose,"""Purpose is personal: your values don’t need to be popular to be powerful.""","Encourage authenticity, not herd-following, in values.",,,,,
,Open,,John Blakey,Purpose,"""The B Corp dividend: Proof that doing good actually pays (so what’s your excuse?).""",Use research to call out profit-obsessed skeptics.,,,,,
,Open,,John Blakey,Purpose,"""Team Zealot vs. Team Martyr: What if your next offsite was brutally honest?""",Suggest a rebellious way to break the ice and drive real dialogue.,,,,,
,Open,,John Blakey,Purpose,"""Why your grand ‘purpose statement’ is useless without discipline.""",Attack performative mission statements without real habits.,,,,,
,Open,,John Blakey,Purpose,"""If you aren’t evolving, your leadership is a relic.""",Call out stagnant approaches and the need to reinvent.,,,,,
,Open,,John Blakey,Purpose,"""Hope is a strategy (if you make it actionable).""","Defend hope as pragmatic, not just naive.",,,,,
,Open,,John Blakey,Purpose,"""Being a force for good isn’t just an option – it’s your leadership legacy.""",Elevate the stakes: what will you be remembered for?,,,,,
,Open,,John Blakey,Purpose,"""Stop blaming the world – start feeding your own good wolf daily.""",Challenge the victim mentality in leadership.,,,,,
,Open,,John Blakey,Purpose,"""Do you want to be liked, or do you want to matter?""",Spark controversy over popularity vs. impact in leadership.,,,,,
,Open,,Roland Butcher,Rebellion,"""Don’t Try to Be a Trailblazer—Just Be Damn Good""","Focus on mastery, not on making history. Let results speak louder than your label as 'the first.'",,,,,
,Open,,Roland Butcher,Burnout,"""Quitting Isn’t Always Weakness—Sometimes It’s Wisdom""",Burnout goes undiagnosed. Sometimes leaving is braver than sticking it out and risking your passion.,,,,,
,Open,,Roland Butcher,Tradition,"""Break the Rulebook—Great Teams Don’t Fit the Mold""",Refusing to coach by tradition led Roland to better results. Why are you still following old playbooks?,,,,,
,Open,,Roland Butcher,Authority,"""Rebels Wanted: Challenge Your Bosses (and Let Your Team Do It!)""","Teams thrive when every voice matters. Silence is comfort for leaders, death for innovation.",,,,,
,Open,,Roland Butcher,Empowerment,"""How Many Captains Does Your Workforce Have?""","A team with 11 captains (decision-makers) outperforms a team with just one. Spread leadership, not orders.",,,,,
,Open,,Roland Butcher,Change,"""Leadership Churn Kills Teams—Stability Wins Championships""",2 captains = 20 trophies. 31 captains = 1 trophy. Constant change can doom a team.,,,,,
,Open,,Roland Butcher,Feedback,"""The F Word: Why Feedback at the Wrong Time Destroys Trust""","Immediate post-failure feedback fuels blame, not growth. Cool off first.",,,,,
,Open,,Roland Butcher,Motivation,"""Every Day Is a Fishing Day—But Not Every Day Is a Catching Day""",Embrace off-days. Leaders should normalize inconsistency to unlock resilience and real growth.,,,,,
,Open,,Roland Butcher,Diversity,"""Stop Making Diversity the Main Story—Focus on Talent and Results""",Roland didn’t dwell on being the first black cricketer; he wanted to play well. Is your 'diversity' performative?,,,,,
,Open,,Roland Butcher,Adaptability,"""Traditionalists Will Be Left Behind—Embrace the Chaos""",The best adapt. The rest complain about change. Evolve or die (as a team and as a leader).,,,,,
,Open,,Roland Butcher,Coaching,"""Coaching Isn’t Telling—It’s Listening and Nudging""",Ditch the 'do as I say' approach. Great coaches empower players to find their own answers.,,,,,
,Open,,Roland Butcher,Resilience,"""Let Naysayers Fuel You, Not Break You""",Use skepticism as your fire. Haters are sometimes your best coaches.,,,,,
,Open,,Roland Butcher,Succession,"""Stop Changing Leaders Like Underwear""",Success comes from stability at the top. Are you destabilizing your own team by constant reshuffles?,,,,,
,Open,,Roland Butcher,Innovation,"""Box Breakers: Hire People Who Won’t Fit""",People who refuse to fit the box drive your next breakthrough. Stop hiring clones.,,,,,
,Open,,Roland Butcher,Emotion,"""Don’t Make Big Decisions When You’re Emotional—Wait""","Bad moods create bad meetings. Give feedback after emotions settle, not in the heat of loss.",,,,,
,Open,,Roland Butcher,Mentorship,"""Don’t Hoard the Power—Let Juniors Decide (and Sometimes Fail)""",Making junior players decide develops leaders faster than any training course.,,,,,
,Open,,Roland Butcher,Accountability,"""Empowerment Doesn’t Mean Agreement—Disagree, but Let Them Own It""",Letting people make decisions (and mistakes) builds real ownership.,,,,,
,Open,,Roland Butcher,Reflection,"""Sometimes the Right Move Is Time Off, Not Grinding Harder""",Sabbaticals and breaks can unlock new peak performance—stop glorifying relentless hustle.,,,,,
,Open,,Roland Butcher,Culture,"""Old Dogs, New Tricks: Tradition Is NOT a Virtue""","If you’re doing it the 1970 way in 2025, you’re obsolete.",,,,,
,Open,,Roland Butcher,Strategy,"""Long Game vs Short Game: Not All Work Needs to Be Fast""","Patience and long-term strategy win big, even when quick wins get the headlines.",,,,,
,Open,,Roland Butcher,Failure,"""Celebrate the Off-Days—They Teach You More Than the Wins""","Make space for learning from bad days, not just punishing or ignoring them.",,,,,
,Open,,Roland Butcher,Storytelling,"""What’s Your Team’s One-Liner? (Hint: It’s Not Your Mission Statement)""",Roland’s ‘11 captains’ is stronger than any corporate vision. Find your phrase.,,,,,
,Open,,Roland Butcher,Listening,"""Shut Up and Let Them Speak—Junior Voices Have Gold""",Some of your best ideas come from the quietest (and youngest) voices. Stop seniority bias.,,,,,
,Open,,Roland Butcher,Perspective,"""If You’re Only Looking for the Next Star, You’ll Miss the Team""","Focus on team synergy, not just individual heroes.",,,,,
,Open,,Roland Butcher,Growth,"""If They Say You Can’t—Thank Them (and Prove Them Wrong)""",Negative feedback is rocket fuel for the ambitious.,,,,,
,Open,,Roland Butcher,Risk,"""Reward the Inventive and the Reckless—Sometimes, Anyway""","In fast-paced games and business, you have to let people take risks (and sometimes fail).",,,,,
,Open,,Roland Butcher,Patience,"""Slow Down to Win—Patience Outlasts Brute Force""",Rushing leads to burnout and mistakes. Teach teams when to slow down.,,,,,
,Open,,Roland Butcher,Transition,"""Your Next Career Move: Do the Thing You Said You’d Never Do""",Roland hated the idea of coaching—until it was his next great chapter.,,,,,
,Open,,Roland Butcher,Autonomy,"""Let Go of Control—If You Don’t, You’re the Bottleneck""",Over-controlling leaders slow everything down. Trust your team to run with ideas.,,,,,
,Open,,Roland Butcher,Fun,"""Hand Out Rebel Capes—Reward Nonconformity, Not Compliance""",Celebrate rule-breakers who push the boundaries and shake up old ways.,,,,,
,Open,,Roland Butcher,Global,"""You’re Not Just Competing Locally—Global Perspective Wins""",Lessons from Barbados to the UK: don’t let a narrow view limit your potential or your team’s growth.,,,,,
,Open,,Garry Ridge,Unlearning,Even the Queen Sits Down to Pee,Authenticity matters. Dismantle hierarchy and de-royalize leadership roles to foster trust.,,,,,
,Open,,Garry Ridge,Unlearning,From Manager to Coach: A Job Title That Changes Everything,Words matter. “Coach” implies support and development - “manager” implies control.,,,,,
,Open,,Garry Ridge,Unlearning,Servant Leadership Is Not a Margarita Party,It’s not about softness - it’s about having a heart of gold and a spine of steel.,,,,,
,Open,,Garry Ridge,Unlearning,Replace ‘Failure’ with ‘Learning Moments’,Language can rewire fear into curiosity. Growth starts where fear ends.,,,,,
,Open,,Garry Ridge,Unlearning,Microwaves Don’t Build Culture - Crockpots Do,"Culture change is slow-cooked, not blitzed. Time, consistency, and care are mandatory.",,,,,
,Open,,Garry Ridge,Unlearning,Dumbassery Is a Superpower,Being aware of what you don’t know - and working on it - beats arrogance every time.,,,,,
,Open,,Garry Ridge,Unlearning,Kill the Na-Na-Ni-Na-Na Disease,"Finger-pointing is poison. Accountability means action, not blame.",,,,,
,Open,,Garry Ridge,Unlearning,Don’t Hire Without Values as a Litmus Test,“Can you live these values?” must be a required question before hiring.,,,,,
,Open,,Garry Ridge,Unlearning,Hierarchy Isn’t Just for Org Charts - It’s for Values Too,"When values conflict, hierarchy resolves confusion. Clarity drives speed.",,,,,
,Open,,Garry Ridge,Unlearning,Why Managers Fear Feedback: And Why Coaches Invite It,Fear of loss of authority prevents managers from learning. Coaches crave insights.,,,,,
,Open,,Garry Ridge,Rebellion,Any Dumbass Can Do It (If They Actually Pay Attention),"No leadership genius required - just humility, intention, and discipline.",,,,,
,Open,,Garry Ridge,Rebellion,CEOs: You’re Probably the Problem,Most CEOs aren’t aware of how their behavior affects people. That’s a problem.,,,,,
,Open,,Garry Ridge,Rebellion,Micromanagement Is a Coaching Crime,"Real coaches never jump on the field. They observe, guide, and grow.",,,,,
,Open,,Garry Ridge,Rebellion,Strategic Plans Don’t Fail – Leaders Do,"Strategy x Will = Results. If people aren’t willing, your plan’s already dead.",,,,,
,Open,,Garry Ridge,Rebellion,"Gallup Says 69% Are Disengaged. That’s a Leadership Crisis, Not a People Problem",The system isn’t broken - it’s working as designed. Design better.,,,,,
,Open,,Garry Ridge,Rebellion,Corporate Royalty Doesn’t Belong in the Canteen,Titles don’t entitle you to exemption from decency. Get in the cafeteria.,,,,,
,Open,,Garry Ridge,Rebellion,Let People Make Decisions Without You,"If you need to approve everything, you don’t have a team - you have hostages.",,,,,
,Open,,Garry Ridge,Rebellion,Make Culture Your Business Strategy,A “people-first” culture led to 15% CAGR and $3.6B market cap. Enough said.,,,,,
,Open,,Garry Ridge,Rebellion,Disengagement Is Child Abuse in Disguise,Kids watch how you come home from work. Your culture affects the next generation.,,,,,
,Open,,Garry Ridge,Rebellion,Stop Protecting Your Comfort Zone,Not giving feedback doesn’t help anyone. Be brave enough to redirect.,,,,,
,Open,,Garry Ridge,Momentum,Coaching Contracts Beat Performance Reviews,"Clear expectations, regular feedback, and shared accountability transform performance.",,,,,
,Open,,Garry Ridge,Momentum,Daily Leadership Self-Checks Drive Behavior Change,“Did I do my best to…” self-questions promote daily alignment and growth.,,,,,
,Open,,Garry Ridge,Momentum,"Values Should Be Operating Systems, Not Posters",Living values guide decisions without hierarchy micromanagement.,,,,,
,Open,,Garry Ridge,Momentum,Respect Earns Retention - 97% of WD-40 Employees Respected Their Coach,Ditch “boss” energy and become someone your team wants to stay for.,,,,,
,Open,,Garry Ridge,Momentum,Redirection Is a Gift - Not a Punishment,"Great coaches have the courage to say, “You’re off track - and I’m here to help.”",,,,,
7 July 2025,Posted,Ken,Garry Ridge,Momentum,Reduce Churn with Hierarchical Values,"Clear values eliminate indecision, factionalism, and wheel-spinning.",,,,,
,Open,,Garry Ridge,Momentum,Engagement Multiplies Strategy,Strategy x Engagement = Real Outcomes. The math speaks louder than motivation posters.,,,,,
,Open,,Garry Ridge,Momentum,"Give the Playbook, Not Just the Pep Talk",Structure helps people win. Coaches don’t wing it - they follow a system.,,,,,
,Open,,Garry Ridge,Momentum,Want to Avoid Decision Bottlenecks? Teach the Values Instead,Decision autonomy thrives in cultures where the values are known and shared.,,,,,
,Open,,Garry Ridge,Momentum,You Never Graduate from the School of Dumbassery,Leadership is a perpetual apprenticeship. Stay curious. Stay humble. Stay in class.,,,,,
,Open,,Claude Silver,Empathy,Empathy isn’t putting yourself in their shoes—ride shotgun instead.,"Claude flips the traditional “walk in their shoes” trope and reframes empathy as partnership, not possession.",,,,,
,Open,,Claude Silver,Adulting,Stop adulting your employees. They already are adults.,Too many managers treat staff like toddlers. It crushes autonomy and engagement.,,,,,
,Open,,Claude Silver,Feedback,The best feedback doesn’t sting—it glows.,"Feedback should uplift while directing. Shine a light, don’t throw shade.",,,,,
,Open,,Claude Silver,Culture,Culture fit is code for hiring your twin.,Claude killed “culture fit” and switched to “culture add.” It boosted diversity—and performance.,,,,,
,Open,,Claude Silver,Growth,Unlearning is the real leadership curriculum.,"Leaders grow by ditching old habits, not just learning new frameworks.",,,,,
,Open,,Claude Silver,Autonomy,Don’t remove the splinter—show them the first aid kit.,"Great leaders empower, they don’t coddle.",,,,,
,Open,,Claude Silver,Recruitment,Kill the college degree requirement—it’s lazy filtering.,Claude dropped degree requirements. Real capability doesn’t need a diploma.,,,,,
,Open,,Claude Silver,Reinvention,You’re not stuck. Claude went from Jamba Juice to Chief Heart Officer.,People grow in nonlinear paths. Why don’t job titles reflect that?,,,,,
,Open,,Claude Silver,Identity,Stop asking people to be less so they can belong.,"True belonging means more authenticity, not less.",,,,,
,Open,,Claude Silver,HR,HR isn’t the bad cop or party planner—it’s your culture’s conscience.,Redefining HR as People & Experience reframes its mission and influence.,,,,,
,Open,,Claude Silver,Coaching,Coaches don’t fix—they co-pilot.,"Coaches ride alongside, holding space—not holding the wheel.",,,,,
,Open,,Claude Silver,Diversity,“Skillset + culture add” is how you diversify AND win.,"Drop “culture fit,” shift to skill + additive personality. It works.",,,,,
,Open,,Claude Silver,Recognition,You handed them KPIs. Did you hand them roses?,Performance without appreciation breeds burnout. Even high performers need “thank you.”,,,,,
,Open,,Claude Silver,Vulnerability,"If you want real talk, you need real leaders.",Leaders must model openness before their team feels safe enough to speak up.,,,,,
,Open,,Claude Silver,Accountability,"Point thumbs, not fingers.",Claude’s killer line on accountability: own your part first.,,,,,
,Open,,Claude Silver,Emotional Intelligence,The smartest person in the room is the room.,Collective intelligence > lone genius. Real leaders activate others.,,,,,
,Open,,Claude Silver,Clarity,Stop letting your team guess the rules. Give them a damn playbook.,"Culture needs documentation, not osmosis. Write down your expectations.",,,,,
,Open,,Claude Silver,Belonging,Don’t just onboard people—include them.,Inclusion doesn’t end after the welcome email. Build belonging intentionally.,,,,,
,Open,,Claude Silver,Leadership,"If you’re not leaving people better than you found them, you’re failing.",The real leadership KPI: your people’s growth.,,,,,
,Open,,Claude Silver,Promotion,Stop promoting performance. Start promoting emotional maturity.,Technical skills don’t predict leadership success—EQ does.,,,,,
,Open,,Claude Silver,Legacy,"You can scale kindness. Claude did it to 2,000 people.",Kindness isn’t soft. It’s the infrastructure of high-performing cultures.,,,,,
,Open,,Claude Silver,Learning,"Start where they are, not where you wish they were.",Empathetic learning meets people at their level—not yours.,,,,,
,Open,,Claude Silver,Safety,Psychological safety isn’t a perk. It’s the platform.,"High performance depends on safety to speak, fail, and stretch.",,,,,
,Open,,Claude Silver,Entitlement,Stop giving 4th place trophies. Give people accountability.,Claude warns against over-coddling and the entitlement it breeds.,,,,,
,Open,,Claude Silver,Feedback Fatigue,Stop having the same conversation four times. That’s not empathy—it’s avoidance.,Strong HR doesn’t mean endless listening. It means moving people forward.,,,,,
,Open,,Claude Silver,Self-awareness,Don’t lead if you haven’t looked in the mirror.,Leaders must confront their own blockers before confronting their teams’.,,,,,
,Open,,Claude Silver,Humility,Not knowing is your superpower.,"Admitting you don’t know invites contribution, collaboration, and trust.",,,,,
,Open,,Claude Silver,Reinforcement,Celebrate. Then accelerate.,Hand out the roses before you hand out the next deadline.,,,,,
,Open,,Claude Silver,Hiring,Stop hiring your mirror. Hire someone who listens to SZA.,Diversity doesn’t mean hiring someone “different” who still thinks like you.,,,,,
,Open,,Claude Silver,Emotional Culture,Your culture is only as strong as your weakest EQ.,"If you tolerate jerks, your values aren’t values—they’re vibes.",,,,,
,Open,,Grace Judson,🔥 “Shoulds”,Burn the Rulebook: Why “Just Work Hard” Is Career Suicide,Grace attacks the myth that merit alone earns recognition - especially for women. Self-promotion is essential.,,,,,
,Open,,Grace Judson,💥 Recognition,Waiting to Be Noticed Is a Losing Strategy,A critique of the “I should be recognized without asking” mindset. Visibility matters.,,,,,
,Open,,Grace Judson,🐍 Office Politics,Office Politics Aren’t Evil – You’re Just Using Them Wrong,"Redefining politics as a neutral tool for influence and change, not manipulation.",,,,,
,Open,,Grace Judson,🧠 Change,“What’s the Worst Thing About This for You?”,Game-changing leadership question that disarms resistance and opens trust.,,,,,
,Open,,Grace Judson,😈 Resistance,The 3 Resistance Monsters: Which One’s Haunting Your Team?,"Fun metaphor that reframes resistance as fear, anxiety, or dual concerns—not defiance.",,,,,
,Open,,Grace Judson,💣 Leadership,Steamrolling People Isn’t Leadership – It’s Cowardice,Condemns the “get on the train or get left” approach to change.,,,,,
,Open,,Grace Judson,📢 Communication,Communitelling: When ‘Communication’ Is Just a Fancy Word for Dictating,Critiques performative communication and highlights the curse of knowledge.,,,,,
,Open,,Grace Judson,🧵 Context,Sandwich or Salad? Why ‘Context’ Changes Everything,"Tomato metaphor: without context, execution fails—even when effort is there.",,,,,
,Open,,Grace Judson,🎭 Vulnerability,The Day I Was Wrong in Front of My Boss’s Boss,"Ken’s story shows vulnerability as a leadership flex, not a weakness.",,,,,
,Open,,Grace Judson,🧨 Empowerment,“I Empowered Them” – Then Watched Them Fail,Why faux empowerment (without support) destroys trust and morale.,,,,,
,Open,,Grace Judson,🛑 Humility,"If You Think You Know It All, You’re Already Failing","Reframes humility as confident curiosity, not meekness.",,,,,
,Open,,Grace Judson,🧩 Inclusion,Psychological Safety Shouldn’t Be a White Guys’ Club,Scathing critique that “safety” often benefits those already safe.,,,,,
,Open,,Grace Judson,🧭 Listening,Real Listening Requires the Willingness to Be Changed,Beautiful challenge to performative listening and “leader as guru” mindset.,,,,,
,Open,,Grace Judson,🥽 Leadership,Great Leaders Don’t Give Answers—They Ask Better Questions,Why inquiry outperforms instruction in complex team dynamics.,,,,,
,Open,,Grace Judson,🪞Self-Awareness,"The Curse of Knowledge: You’re Moving On, But Your Team Just Showed Up",A sharp jab at leaders who forget what it’s like to not know.,,,,,
,Open,,Grace Judson,🪜 Career Growth,Stop Guessing What Your Team Wants,Don’t assume – ask. Employees don’t always want what they say they do.,,,,,
,Open,,Grace Judson,👀 Self-Discovery,You Can’t See the Picture If You’re in the Frame,"A call for coaching, therapy, or structured reflection for growth.",,,,,
,Open,,Grace Judson,⚖️ Balance,Delegating Isn’t Dumping: Trust Requires Support,A jab at “empowering” leaders who don’t guide or back their teams.,,,,,
,Open,,Grace Judson,🧗 Confidence,Trust First – Especially After Mistakes,"True leaders rebuild trust, even after it’s been broken. No one-and-done.",,,,,
,Open,,Grace Judson,💥 Impact,Passive Aggression Can Derail Everything—Here’s What to Do About It,Addressing hidden resistance with curiosity instead of blame.,,,,,
,Open,,Grace Judson,🔎 Empathy,Why Would a Reasonable Person Act This Way?,A radical mindset shift that reframes difficult behavior as understandable.,,,,,
,Open,,Grace Judson,🧨 Motivation,Motivation Isn’t a Switch You Flip – It’s a Mirror,It’s not about “driving” motivation—it’s co-created and nuanced.,,,,,
,Open,,Grace Judson,🧠 Decision-Making,11 Brains Beat One: Why Leaders Must Stop Solving Alone,Delegation ≠ weakness. Team thinking beats ego every time.,,,,,
,Open,,Grace Judson,🎭 Identity,Identity Cascades: Why Global Teams Act So Weirdly,"Recognizing nested identities (national, cultural, team-level) unlocks better collaboration.",,,,,
,Open,,Grace Judson,🏗️ Culture,You Don’t Build Culture by Mandate – You Build It by Modeling,Social media behavior = leadership behavior. No off-stage.,,,,,
,Open,,Grace Judson,🛑 Mindset,From “I’m Paid to Know” to “I’m Here to Learn”,Debunks the myth that leaders must have all the answers.,,,,,
,Open,,Grace Judson,🚫 Superlatives,There Are No Great Leaders—Only Adaptive Ones,A rebellion against “hero” leaders. Greatness is situational.,,,,,
,Open,,Grace Judson,🪤 Failure,"Fail Once, Lose Trust Forever? Not If You’re a Good Boss",The real test of leadership is how you handle your team’s mistakes.,,,,,
,Open,,Grace Judson,💬 Coaching,The Leader as Coach Is Not Enough,External coaching is needed for depth. Bosses can’t play every role.,,,,,
,Open,,Grace Judson,🌪️ Complexity,"Leadership Is a Fuzzy, Squishy, Situational Gray Mess – Embrace It","Grace’s closing philosophy: leadership is fluid, not formulaic.",,,,,
,Open,,,,,,,,,,
,Open,,,,,,,,,,
,Open,,,,,,,,,,
,Open,,,,,,,,,,
,Open,,,,,,,,,,
,Open,,,,,,,,,,
,Open,,,,,,,,,,
,Open,,,,,,,,,,
,Open,,,,,,,,,,
,Open,,,,,,,,,,
,Open,,,,,,,,,,
,Open,,,,,,,,,,
,Open,,,,,,,,,,
,Open,,,,,,,,,,
,Open,,,,,,,,,,
,Open,,,,,,,,,,
,Open,,,,,,,,,,
,Open,,,,,,,,,,
,Open,,,,,,,,,,
,Open,,,,,,,,,,
,Open,,,,,,,,,,
,Open,,,,,,,,,,
,Open,,,,,,,,,,
,Open,,,,,,,,,,
,Open,,,,,,,,,,
,Open,,,,,,,,,,
,Open,,,,,,,,,,
,Open,,,,,,,,,,
,Open,,,,,,,,,,
,Open,,,,,,,,,,
,Open,,,,,,,,,,
,Open,,,,,,,,,,
,Open,,,,,,,,,,
,Open,,,,,,,,,,
,Open,,,,,,,,,,
,Open,,,,,,,,,,
,Open,,,,,,,,,,
,Open,,,,,,,,,,
,Open,,,,,,,,,,
,Open,,,,,,,,,,
,Open,,,,,,,,,,
,Open,,,,,,,,,,
,Open,,,,,,,,,,
,Open,,,,,,,,,,
,Open,,,,,,,,,,
,Open,,,,,,,,,,
,Open,,,,,,,,,,
,Open,,,,,,,,,,
,Open,,,,,,,,,,
,Open,,,,,,,,,,
,Open,,,,,,,,,,
,Open,,,,,,,,,,
,Open,,,,,,,,,,
,Open,,,,,,,,,,
,Open,,,,,,,,,,
,Open,,,,,,,,,,
,Open,,,,,,,,,,
,Open,,,,,,,,,,
,Open,,,,,,,,,,
,Open,,,,,,,,,,
,Open,,,,,,,,,,
,Open,,,,,,,,,,
,Open,,,,,,,,,,
,Open,,,,,,,,,,
,Open,,,,,,,,,,
,Open,,,,,,,,,,
,Open,,,,,,,,,,
,Open,,,,,,,,,,
,Open,,,,,,,,,,
,Open,,,,,,,,,,
,Open,,,,,,,,,,
,Open,,,,,,,,,,
,Open,,,,,,,,,,
,Open,,,,,,,,,,
,Open,,,,,,,,,,
,Open,,,,,,,,,,
,Open,,,,,,,,,,
,Open,,,,,,,,,,
,Open,,,,,,,,,,
,Open,,,,,,,,,,
,Open,,,,,,,,,,
,Open,,,,,,,,,,
,Open,,,,,,,,,,
,Open,,,,,,,,,,
,Open,,,,,,,,,,
,Open,,,,,,,,,,
,Open,,,,,,,,,,
,Open,,,,,,,,,,
,Open,,,,,,,,,,
,Open,,,,,,,,,,
,Open,,,,,,,,,,
,Open,,,,,,,,,,
,Open,,,,,,,,,,
,Open,,,,,,,,,,
,Open,,,,,,,,,,
,Open,,,,,,,,,,
,Open,,,,,,,,,,
,Open,,,,,,,,,,
,Open,,,,,,,,,,
,Open,,,,,,,,,,
,Open,,,,,,,,,,
,Open,,,,,,,,,,
,Open,,,,,,,,,,
,Open,,,,,,,,,,
,Open,,,,,,,,,,
,Open,,,,,,,,,,
,Open,,,,,,,,,,
,Open,,,,,,,,,,
,Open,,,,,,,,,,
,Open,,,,,,,,,,
,Open,,,,,,,,,,
,Open,,,,,,,,,,
,Open,,,,,,,,,,
,Open,,,,,,,,,,
,Open,,,,,,,,,,
,Open,,,,,,,,,,
,Open,,,,,,,,,,
,Open,,,,,,,,,,
,Open,,,,,,,,,,
,Open,,,,,,,,,,
,Open,,,,,,,,,,
,Open,,,,,,,,,,
,Open,,,,,,,,,,
,Open,,,,,,,,,,
,Open,,,,,,,,,,
,Open,,,,,,,,,,
,Open,,,,,,,,,,
,Open,,,,,,,,,,
,Open,,,,,,,,,,
,Open,,,,,,,,,,
,Open,,,,,,,,,,
,Open,,,,,,,,,,
,Open,,,,,,,,,,
,Open,,,,,,,,,,
,Open,,,,,,,,,,
,Open,,,,,,,,,,
,Open,,,,,,,,,,
,Open,,,,,,,,,,
,Open,,,,,,,,,,
,Open,,,,,,,,,,
,Open,,,,,,,,,,
,Open,,,,,,,,,,
,Open,,,,,,,,,,
,Open,,,,,,,,,,
,Open,,,,,,,,,,
,Open,,,,,,,,,,
,Open,,,,,,,,,,
,Open,,,,,,,,,,
,Open,,,,,,,,,,
,Open,,,,,,,,,,
,Open,,,,,,,,,,
,Open,,,,,,,,,,
,Open,,,,,,,,,,
,Open,,,,,,,,,,
,Open,,,,,,,,,,
,Open,,,,,,,,,,
,Open,,,,,,,,,,
,Open,,,,,,,,,,
,Open,,,,,,,,,,
,Open,,,,,,,,,,
,Open,,,,,,,,,,
,Open,,,,,,,,,,
,Open,,,,,,,,,,
,Open,,,,,,,,,,
,Open,,,,,,,,,,
,Open,,,,,,,,,,
,Open,,,,,,,,,,
,Open,,,,,,,,,,
,Open,,,,,,,,,,
,Open,,,,,,,,,,
,Open,,,,,,,,,,
,Open,,,,,,,,,,
,Open,,,,,,,,,,
,Open,,,,,,,,,,
,Open,,,,,,,,,,
,Open,,,,,,,,,,
,Open,,,,,,,,,,
,Open,,,,,,,,,,
,Open,,,,,,,,,,
,Open,,,,,,,,,,
,Open,,,,,,,,,,
,Open,,,,,,,,,,
,Open,,,,,,,,,,
,Open,,,,,,,,,,
,Open,,,,,,,,,,
,Open,,,,,,,,,,
,Open,,,,,,,,,,
,Open,,,,,,,,,,
,Open,,,,,,,,,,
,Open,,,,,,,,,,
,Open,,,,,,,,,,
,Open,,,,,,,,,,
,Open,,,,,,,,,,
,Open,,,,,,,,,,
,Open,,,,,,,,,,
,Open,,,,,,,,,,
,Open,,,,,,,,,,
,Open,,,,,,,,,,
,Open,,,,,,,,,,
,Open,,,,,,,,,,
,Open,,,,,,,,,,
,Open,,,,,,,,,,
,Open,,,,,,,,,,
,Open,,,,,,,,,,
,Open,,,,,,,,,,
,Open,,,,,,,,,,
,Open,,,,,,,,,,
,Open,,,,,,,,,,
,Open,,,,,,,,,,
,Open,,,,,,,,,,
,Open,,,,,,,,,,
,Open,,,,,,,,,,
,Open,,,,,,,,,,
,Open,,,,,,,,,,
,Open,,,,,,,,,,
,Open,,,,,,,,,,
,Open,,,,,,,,,,
,Open,,,,,,,,,,
,Open,,,,,,,,,,
,Open,,,,,,,,,,
,Open,,,,,,,,,,
,Open,,,,,,,,,,
,Open,,,,,,,,,,
,Open,,,,,,,,,,
,Open,,,,,,,,,,
,Open,,,,,,,,,,
,Open,,,,,,,,,,
,Open,,,,,,,,,,
,Open,,,,,,,,,,
,Open,,,,,,,,,,
,Open,,,,,,,,,,
,Open,,,,,,,,,,
,Open,,,,,,,,,,
,Open,,,,,,,,,,
,Open,,,,,,,,,,
,Open,,,,,,,,,,
,Open,,,,,,,,,,
,Open,,,,,,,,,,
,Open,,,,,,,,,,
,Open,,,,,,,,,,
,Open,,,,,,,,,,
,Open,,,,,,,,,,
,Open,,,,,,,,,,
,Open,,,,,,,,,,
,Open,,,,,,,,,,
,Open,,,,,,,,,,
,Open,,,,,,,,,,
,Open,,,,,,,,,,
,Open,,,,,,,,,,
,Open,,,,,,,,,,
,Open,,,,,,,,,,
,Open,,,,,,,,,,
,Open,,,,,,,,,,
,Open,,,,,,,,,,
,Open,,,,,,,,,,
,Open,,,,,,,,,,
,Open,,,,,,,,,,
,Open,,,,,,,,,,
,Open,,,,,,,,,,
,Open,,,,,,,,,,
,Open,,,,,,,,,,
,Open,,,,,,,,,,
,Open,,,,,,,,,,
,Open,,,,,,,,,,
,Open,,,,,,,,,,
,Open,,,,,,,,,,
,Open,,,,,,,,,,
,Open,,,,,,,,,,
,Open,,,,,,,,,,
,Open,,,,,,,,,,
,Open,,,,,,,,,,
,Open,,,,,,,,,,
,Open,,,,,,,,,,
,Open,,,,,,,,,,
,Open,,,,,,,,,,
,Open,,,,,,,,,,
,Open,,,,,,,,,,
,Open,,,,,,,,,,
,Open,,,,,,,,,,
,Open,,,,,,,,,,
,Open,,,,,,,,,,
,Open,,,,,,,,,,
,Open,,,,,,,,,,
,Open,,,,,,,,,,
,Open,,,,,,,,,,
,Open,,,,,,,,,,
,Open,,,,,,,,,,
,Open,,,,,,,,,,
,Open,,,,,,,,,,
,Open,,,,,,,,,,
,Open,,,,,,,,,,
,Open,,,,,,,,,,
,Open,,,,,,,,,,
,Open,,,,,,,,,,
,Open,,,,,,,,,,
,Open,,,,,,,,,,
,Open,,,,,,,,,,
,Open,,,,,,,,,,
,Open,,,,,,,,,,
,Open,,,,,,,,,,
,Open,,,,,,,,,,
,Open,,,,,,,,,,
,Open,,,,,,,,,,
,Open,,,,,,,,,,
,Open,,,,,,,,,,
,Open,,,,,,,,,,
,Open,,,,,,,,,,
,Open,,,,,,,,,,
,Open,,,,,,,,,,
,Open,,,,,,,,,,
,Open,,,,,,,,,,
,Open,,,,,,,,,,
,Open,,,,,,,,,,
,Open,,,,,,,,,,
,Open,,,,,,,,,,
,Open,,,,,,,,,,
,Open,,,,,,,,,,
,Open,,,,,,,,,,
,Open,,,,,,,,,,
,Open,,,,,,,,,,
,Open,,,,,,,,,,
,Open,,,,,,,,,,
,Open,,,,,,,,,,
,Open,,,,,,,,,,
,Open,,,,,,,,,,
,Open,,,,,,,,,,
,Open,,,,,,,,,,
,Open,,,,,,,,,,
,Open,,,,,,,,,,
,Open,,,,,,,,,,
,Open,,,,,,,,,,
,Open,,,,,,,,,,
,Open,,,,,,,,,,
,Open,,,,,,,,,,
,Open,,,,,,,,,,
,Open,,,,,,,,,,
,Open,,,,,,,,,,
,Open,,,,,,,,,,
,Open,,,,,,,,,,
,Open,,,,,,,,,,
,Open,,,,,,,,,,
,Open,,,,,,,,,,
,Open,,,,,,,,,,
,Open,,,,,,,,,,
,Open,,,,,,,,,,